[
    {
        "id":1,
        "name":"Grand Piano",
        "price":44500,
        "type":"manual",
        "description":"This is a larger baby-grand piano with fuller sound due to its bigger size and longer strings",
        "img":"https://i.ibb.co/wc6qzwW/piano.png"
    },
    {
        "id":2,
        "name":"Electric Guitar",
        "price":11337,
        "type":"Electric",
        "description":"The Bullet Strat With Tremolo HSS is a simple, affordable and practical guitar designed for beginning players and students.",
        "img":"https://i.ibb.co/JsbJrBB/electricguitar.png"
    },
    {
        "id":3,
        "name":"Acoustic Drum Set",
        "price":22599,
        "type":"Acoustic",
        "description":"Set the stage on fire with this Acoustic Drum set from the house of Havana. It is an excellent drum kit delivering great specifications",
        "img":"https://i.ibb.co/9gTfdfX/drum.png"
    },
    {
        "id":4,
        "name":"Cutaway Acoustic Guitar",
        "price":6949,
        "type":"Acoustic",
        "description":"Its a medium sized cutaway 39 inch acoustic guitar with Nato back and sides, Spruce top and Rosewood fretboard.",
        "img":"https://i.ibb.co/pvHhW8w/acousticguitar.png"
    },
    {
        "id":5,
        "name":"Electronic Mesh Drum Kit",
        "price":41999,
        "type":"Electric",
        "description":"High-end nine-piece electronic drum set with dual-zone mesh drum heads that deliver a realistic feel.",
        "img":"https://i.ibb.co/yfhWNn1/electricdrum.png"
    },
    {
        "id":6,
        "name":"Violin",
        "price":5799,
        "type":"Acoustic",
        "description":"Violin Paint Flamed Back of Solid Maple. Select Spruce Solid Top",
        "img":"https://i.ibb.co/Yf7FCks/violin.png"
    },
    {
        "id":7,
        "name":"Tenor Saxophone",
        "price":40199,
        "type":"Acoustic",
        "description":"Tenor Saxophone is a highly versatile instrument with Standard Gold Laquer body enabling perfect resonance",
        "img":"https://i.ibb.co/xYt3th1/saxophone.png"
    }

]